"id","project","date","maximum_reward","bounty_url","lastUpdated","github_history_url","default_branch","extensions_modified_3_days","files","silther_comments","github_url","commit_messages","languages"
"layerzero","LayerZero (The World's Largest Bounty)","2023-05-17T17:00:00.000Z","15000000","https://immunefi.com/bounty/layerzero","2024-07-18","github.com/LayerZero-Labs/solidity-examples/commits","main","{}","","","github.com/LayerZero-Labs/solidity-examples","<pre></pre>"," 61.18 - JavaScript<br> 38.82 - Solidity"
"layerzero","LayerZero (The World's Largest Bounty)","2023-05-17T17:00:00.000Z","15000000","https://immunefi.com/bounty/layerzero","2024-06-27","github.com/LayerZero-Labs/LayerZero-v2/commits","main","{}","","","github.com/LayerZero-Labs/LayerZero-v2","<pre></pre>"," 67.04 - Solidity<br> 32.6 - Rust<br> 0.33 - Roff<br> 0.02 - JavaScript<br> 0.01 - TypeScript"
"sky","Sky","2022-02-10T07:00:00.000Z","10000000","https://immunefi.com/bounty/sky","2022-05-18","github.com/makerdao/dss/commits","master","{}","","","github.com/makerdao/dss","<pre></pre>"," 99.76 - Solidity<br> 0.13 - Makefile<br> 0.11 - Nix"
"sky","Sky","2022-02-10T07:00:00.000Z","10000000","https://immunefi.com/bounty/sky","2021-09-15","github.com/dapphub/ds-weth/commits","master","{}","","","github.com/dapphub/ds-weth","<pre></pre>"," 87.97 - Solidity<br> 10.2 - Haskell<br> 1.27 - Shell<br> 0.56 - Makefile"
"sky","Sky","2022-02-10T07:00:00.000Z","10000000","https://immunefi.com/bounty/sky","2021-09-17","github.com/makerdao/median/commits","master","{}","","","github.com/makerdao/median","<pre></pre>"," 82.43 - Solidity<br> 15.35 - Shell<br> 1.63 - Nix<br> 0.59 - Makefile"
"sky","Sky","2022-02-10T07:00:00.000Z","10000000","https://immunefi.com/bounty/sky","2021-09-17","github.com/makerdao/osm/commits","master","{}","","","github.com/makerdao/osm","<pre></pre>"," 96.5 - Solidity<br> 2.35 - Nix<br> 1.16 - Makefile"
"sky","Sky","2022-02-10T07:00:00.000Z","10000000","https://immunefi.com/bounty/sky","2023-07-07","github.com/makerdao/rwa-toolkit/commits","master","{}","","","github.com/makerdao/rwa-toolkit","<pre></pre>"," 97.16 - Solidity<br> 2.55 - Shell<br> 0.3 - Makefile"
"sky","Sky","2022-02-10T07:00:00.000Z","10000000","https://immunefi.com/bounty/sky","2022-05-18","github.com/makerdao/dss-cdp-manager/commits","master","{}","","","github.com/makerdao/dss-cdp-manager","<pre></pre>"," 98.75 - Solidity<br> 0.92 - Nix<br> 0.34 - Makefile"
"sky","Sky","2022-02-10T07:00:00.000Z","10000000","https://immunefi.com/bounty/sky","2022-04-08","github.com/makerdao/dss-proxy-actions/commits","master","{}","","","github.com/makerdao/dss-proxy-actions","<pre></pre>"," 99.51 - Solidity<br> 0.36 - Nix<br> 0.13 - Makefile"
"sky","Sky","2022-02-10T07:00:00.000Z","10000000","https://immunefi.com/bounty/sky","2021-09-17","github.com/makerdao/dss-auto-line/commits","master","{}","","","github.com/makerdao/dss-auto-line","<pre></pre>"," 94.99 - Solidity<br> 3.15 - Makefile<br> 1.87 - Nix"
"sky","Sky","2022-02-10T07:00:00.000Z","10000000","https://immunefi.com/bounty/sky","2021-09-17","github.com/makerdao/clipper-mom/commits","master","{}","","","github.com/makerdao/clipper-mom","<pre></pre>"," 96.4 - Solidity<br> 1.95 - Nix<br> 1.65 - Makefile"
"sky","Sky","2022-02-10T07:00:00.000Z","10000000","https://immunefi.com/bounty/sky","2022-04-08","github.com/makerdao/dsr-manager/commits","master","{}","","","github.com/makerdao/dsr-manager","<pre></pre>"," 95.92 - Solidity<br> 2.99 - Nix<br> 1.09 - Makefile"
"sky","Sky","2022-02-10T07:00:00.000Z","10000000","https://immunefi.com/bounty/sky","2023-01-23","github.com/makerdao/dss-exec-lib/commits","master","{}","","","github.com/makerdao/dss-exec-lib","<pre></pre>"," 99.51 - Solidity<br> 0.32 - Shell<br> 0.17 - Makefile"
"sky","Sky","2022-02-10T07:00:00.000Z","10000000","https://immunefi.com/bounty/sky","2024-09-26","github.com/makerdao/dss-flappers/commits","master","{}","","","github.com/makerdao/dss-flappers","<pre></pre>"," 100 - Solidity"
"sky","Sky","2022-02-10T07:00:00.000Z","10000000","https://immunefi.com/bounty/sky","2023-03-07","github.com/makerdao/dss-flash/commits","master","{}","","","github.com/makerdao/dss-flash","<pre></pre>"," 97.6 - Solidity<br> 1.45 - Makefile<br> 0.95 - Nix"
"sky","Sky","2022-02-10T07:00:00.000Z","10000000","https://immunefi.com/bounty/sky","2023-03-07","github.com/makerdao/ilk-registry/commits","master","{}","","","github.com/makerdao/ilk-registry","<pre></pre>"," 79.09 - Solidity<br> 19.58 - Shell<br> 0.69 - Makefile<br> 0.64 - Nix"
"sky","Sky","2022-02-10T07:00:00.000Z","10000000","https://immunefi.com/bounty/sky","2023-03-12","github.com/makerdao/line-mom/commits","master","{}","","","github.com/makerdao/line-mom","<pre></pre>"," 98.24 - Solidity<br> 1.76 - Makefile"
"sky","Sky","2022-02-10T07:00:00.000Z","10000000","https://immunefi.com/bounty/sky","2023-06-29","github.com/makerdao/dss-interfaces/commits","master","{}","","","github.com/makerdao/dss-interfaces","<pre></pre>"," 100 - Solidity"
"sky","Sky","2022-02-10T07:00:00.000Z","10000000","https://immunefi.com/bounty/sky","2023-03-09","github.com/makerdao/dss-vest/commits","master","{}","","","github.com/makerdao/dss-vest","<pre></pre>"," 59.39 - Solidity<br> 39.17 - Ruby<br> 0.76 - Shell<br> 0.69 - Makefile"
"sky","Sky","2022-02-10T07:00:00.000Z","10000000","https://immunefi.com/bounty/sky","2022-11-08","github.com/makerdao/dss-gem-joins/commits","master","{}","","","github.com/makerdao/dss-gem-joins","<pre></pre>"," 99.7 - Solidity<br> 0.22 - Nix<br> 0.08 - Makefile"
"sky","Sky","2022-02-10T07:00:00.000Z","10000000","https://immunefi.com/bounty/sky","2021-12-06","github.com/makerdao/dss-psm/commits","master","{}","","","github.com/makerdao/dss-psm","<pre></pre>"," 95.68 - Solidity<br> 4.14 - Shell<br> 0.18 - Makefile"
"sky","Sky","2022-02-10T07:00:00.000Z","10000000","https://immunefi.com/bounty/sky","2021-11-22","github.com/makerdao/optimism-dai-bridge/commits","master","{}","","Before starting, make sure Slither is installed:
$ pip3 install slither-analyzer
- Slither:
  $ pip3 install slither-analyzer","github.com/makerdao/optimism-dai-bridge","<pre></pre>"," 70.23 - TypeScript<br> 17.34 - Solidity<br> 8.69 - Ruby<br> 2.82 - Shell<br> 0.92 - JavaScript"
"sky","Sky","2022-02-10T07:00:00.000Z","10000000","https://immunefi.com/bounty/sky","2021-09-20","github.com/makerdao/arbitrum-dai-bridge/commits","master","{}","","[![Check](https://github.com/makerdao/arbitrum-dai-bridge/actions/workflows/slither.yml/badge.svg)](https://github.com/makerdao/arbitrum-dai-bridge/actions/workflows/slither.yml)
Before starting, make sure Slither is installed:
$ pip3 install slither-analyzer
- Slither:
  $ pip3 install slither-analyzer","github.com/makerdao/arbitrum-dai-bridge","<pre></pre>"," 66.19 - TypeScript<br> 23.63 - Solidity<br> 7.01 - Ruby<br> 2.34 - Shell<br> 0.83 - JavaScript"
"sky","Sky","2022-02-10T07:00:00.000Z","10000000","https://immunefi.com/bounty/sky","2023-03-15","github.com/makerdao/starknet-dai-bridge/commits","main","{}","","","github.com/makerdao/starknet-dai-bridge","<pre></pre>"," 46.31 - TypeScript<br> 43.58 - Python<br> 9.3 - Solidity<br> 0.81 - Shell"
"sky","Sky","2022-02-10T07:00:00.000Z","10000000","https://immunefi.com/bounty/sky","2022-06-13","github.com/makerdao/dss-chain-log/commits","master","{}","","","github.com/makerdao/dss-chain-log","<pre></pre>"," 85.23 - Solidity<br> 8.86 - Shell<br> 3.37 - Makefile<br> 2.54 - Nix"
"sky","Sky","2022-02-10T07:00:00.000Z","10000000","https://immunefi.com/bounty/sky","2024-09-07","github.com/makerdao/dss-cron/commits","master","{}","","","github.com/makerdao/dss-cron","<pre></pre>"," 99.57 - Solidity<br> 0.24 - Nix<br> 0.13 - Shell<br> 0.06 - Makefile"
"sky","Sky","2022-02-10T07:00:00.000Z","10000000","https://immunefi.com/bounty/sky","2024-09-10","github.com/makerdao/dss-direct-deposit/commits","master","{}","","","github.com/makerdao/dss-direct-deposit","<pre></pre>"," 89.32 - Solidity<br> 9.69 - Ruby<br> 0.93 - Shell<br> 0.06 - Makefile"
"sky","Sky","2022-02-10T07:00:00.000Z","10000000","https://immunefi.com/bounty/sky","2023-07-07","github.com/makerdao/mip21-toolkit/commits","master","{}","","","github.com/makerdao/mip21-toolkit","<pre></pre>"," 97.16 - Solidity<br> 2.55 - Shell<br> 0.3 - Makefile"
"sky","Sky","2022-02-10T07:00:00.000Z","10000000","https://immunefi.com/bounty/sky","2021-09-17","github.com/makerdao/mkr-authority/commits","master","{}","","","github.com/makerdao/mkr-authority","<pre></pre>"," 96.22 - Solidity<br> 1.93 - Shell<br> 1.35 - Nix<br> 0.49 - Makefile"
"sky","Sky","2022-02-10T07:00:00.000Z","10000000","https://immunefi.com/bounty/sky","2021-08-12","github.com/makerdao/univ2-lp-oracle/commits","master","{}","","","github.com/makerdao/univ2-lp-oracle","<pre></pre>"," 97.99 - Solidity<br> 1.81 - Shell<br> 0.2 - Makefile"
"sky","Sky","2022-02-10T07:00:00.000Z","10000000","https://immunefi.com/bounty/sky","2021-09-29","github.com/makerdao/univ3-lp-oracle/commits","master","{}","","","github.com/makerdao/univ3-lp-oracle","<pre></pre>"," 98.1 - Solidity<br> 1.41 - Shell<br> 0.48 - Makefile"
"sky","Sky","2022-02-10T07:00:00.000Z","10000000","https://immunefi.com/bounty/sky","2024-07-15","github.com/makerdao/dss-lite-psm/commits","main","{}","","","github.com/makerdao/dss-lite-psm","<pre></pre>"," 82.01 - Solidity<br> 17.9 - Ruby<br> 0.09 - Makefile"
"sky","Sky","2022-02-10T07:00:00.000Z","10000000","https://immunefi.com/bounty/sky","2024-09-11","github.com/makerdao/endgame-toolkit/commits","master","{}","","","github.com/makerdao/endgame-toolkit","<pre></pre>"," 97.04 - Solidity<br> 2.96 - Shell"
"sky","Sky","2022-02-10T07:00:00.000Z","10000000","https://immunefi.com/bounty/sky","2024-09-23","github.com/makerdao/usds/commits","master","{}","","","github.com/makerdao/usds","<pre></pre>"," 54.66 - Python<br> 44.9 - Solidity<br> 0.45 - Makefile"
"sky","Sky","2022-02-10T07:00:00.000Z","10000000","https://immunefi.com/bounty/sky","2024-09-23","github.com/makerdao/sky/commits","master","{}","","","github.com/makerdao/sky","<pre></pre>"," 56.83 - Python<br> 42.72 - Solidity<br> 0.45 - Makefile"
"sky","Sky","2022-02-10T07:00:00.000Z","10000000","https://immunefi.com/bounty/sky","2023-11-02","github.com/makerdao/sdai/commits","master","{}","","","github.com/makerdao/sdai","<pre></pre>"," 99.77 - Solidity<br> 0.23 - Makefile"
"sky","Sky","2022-02-10T07:00:00.000Z","10000000","https://immunefi.com/bounty/sky","2024-09-19","github.com/makerdao/lockstake/commits","dev","{}","","","github.com/makerdao/lockstake","<pre></pre>"," 100 - Solidity"
"sky","Sky","2022-02-10T07:00:00.000Z","10000000","https://immunefi.com/bounty/sky","2021-08-18","github.com/makerdao/vote-delegate/commits","master","{}","","","github.com/makerdao/vote-delegate","<pre></pre>"," 95.88 - Solidity<br> 2.16 - Shell<br> 1.96 - Makefile"
"sky","Sky","2022-02-10T07:00:00.000Z","10000000","https://immunefi.com/bounty/sky","2024-09-23","github.com/makerdao/univ2-pool-migrator/commits","master","{}","","","github.com/makerdao/univ2-pool-migrator","<pre></pre>"," 100 - Solidity"
"sparklend","SparkLend","2023-11-01T15:00:00.000Z","5000000","https://immunefi.com/bounty/sparklend","2024-03-19","github.com/marsfoundation/aave-v3-core/commits","master","{}","","","github.com/marsfoundation/aave-v3-core","<pre></pre>"," 57.84 - TypeScript<br> 38.57 - Solidity<br> 2.81 - Ruby<br> 0.46 - Python<br> 0.19 - Shell<br> 0.08 - JavaScript<br> 0.04 - Makefile<br> 0.01 - Dockerfile"
"sparklend","SparkLend","2023-11-01T15:00:00.000Z","5000000","https://immunefi.com/bounty/sparklend","2024-04-16","github.com/marsfoundation/sparklend/commits","master","{}","","","github.com/marsfoundation/sparklend","<pre></pre>"," 94.42 - Solidity<br> 4.51 - Shell<br> 1.08 - Makefile"
"sparklend","SparkLend","2023-11-01T15:00:00.000Z","5000000","https://immunefi.com/bounty/sparklend","2024-09-30","github.com/marsfoundation/spark-app/commits","main","{""example"":1,""yml"":1,""production"":1,""staging"":1,""tsx"":23,""development"":1,""ts"":26}","<pre>+    0 | -    2 | .github/workflows/ci.yml | (7f94)<a target='_blank' href='https://github.com/marsfoundation/spark-app/commit/7f94f65330f550af519b210a5fb2aa5fc796adc4?scroll_to=.github/workflows/ci.yml'>2024-09-30</a><br>+    1 | -    0 | packages/app/.env.development | (247c)<a target='_blank' href='https://github.com/marsfoundation/spark-app/commit/247c3c7bdcced8c7623f98c72f65d2c62150b8a6?scroll_to=packages/app/.env.development'>2024-09-27</a><br>+    1 | -    0 | packages/app/.env.example | (247c)<a target='_blank' href='https://github.com/marsfoundation/spark-app/commit/247c3c7bdcced8c7623f98c72f65d2c62150b8a6?scroll_to=packages/app/.env.example'>2024-09-27</a><br>+    1 | -    0 | packages/app/.env.production | (247c)<a target='_blank' href='https://github.com/marsfoundation/spark-app/commit/247c3c7bdcced8c7623f98c72f65d2c62150b8a6?scroll_to=packages/app/.env.production'>2024-09-27</a><br>+    1 | -    0 | packages/app/.env.staging | (247c)<a target='_blank' href='https://github.com/marsfoundation/spark-app/commit/247c3c7bdcced8c7623f98c72f65d2c62150b8a6?scroll_to=packages/app/.env.staging'>2024-09-27</a><br>+    3 | -    3 | packages/app/playwright.config.ts | (d7a1)<a target='_blank' href='https://github.com/marsfoundation/spark-app/commit/d7a154f37d43ee9b321117112cc8bbee2f2c9d7e?scroll_to=packages/app/playwright.config.ts'>2024-09-27</a><br>+    0 | -    2 | packages/app/src/config/chain/constants.ts | (7f94)<a target='_blank' href='https://github.com/marsfoundation/spark-app/commit/7f94f65330f550af519b210a5fb2aa5fc796adc4?scroll_to=packages/app/src/config/chain/constants.ts'>2024-09-30</a><br>+    0 | -   35 | packages/app/src/config/chain/index.ts | (7f94)<a target='_blank' href='https://github.com/marsfoundation/spark-app/commit/7f94f65330f550af519b210a5fb2aa5fc796adc4?scroll_to=packages/app/src/config/chain/index.ts'>2024-09-30</a><br>+    2 | -   20 | packages/app/src/config/wagmi/config.default.ts | (7f94)<a target='_blank' href='https://github.com/marsfoundation/spark-app/commit/7f94f65330f550af519b210a5fb2aa5fc796adc4?scroll_to=packages/app/src/config/wagmi/config.default.ts'>2024-09-30</a><br>+    0 | -    6 | packages/app/src/config/wagmi/config.e2e.ts | (7f94)<a target='_blank' href='https://github.com/marsfoundation/spark-app/commit/7f94f65330f550af519b210a5fb2aa5fc796adc4?scroll_to=packages/app/src/config/wagmi/config.e2e.ts'>2024-09-30</a><br>+    2 | -    3 | packages/app/src/config/wagmi/getChains.ts | (7f94)<a target='_blank' href='https://github.com/marsfoundation/spark-app/commit/7f94f65330f550af519b210a5fb2aa5fc796adc4?scroll_to=packages/app/src/config/wagmi/getChains.ts'>2024-09-30</a><br>+    1 | -    6 | packages/app/src/config/wagmi/getTransports.ts | (7f94)<a target='_blank' href='https://github.com/marsfoundation/spark-app/commit/7f94f65330f550af519b210a5fb2aa5fc796adc4?scroll_to=packages/app/src/config/wagmi/getTransports.ts'>2024-09-30</a><br>+    0 | -   36 | packages/app/src/domain/hooks/useContractAddress.ts | (7f94)<a target='_blank' href='https://github.com/marsfoundation/spark-app/commit/7f94f65330f550af519b210a5fb2aa5fc796adc4?scroll_to=packages/app/src/domain/hooks/useContractAddress.ts'>2024-09-30</a><br>+    0 | -    7 | packages/app/src/domain/hooks/useOriginChainId.ts | (7f94)<a target='_blank' href='https://github.com/marsfoundation/spark-app/commit/7f94f65330f550af519b210a5fb2aa5fc796adc4?scroll_to=packages/app/src/domain/hooks/useOriginChainId.ts'>2024-09-30</a><br>+   14 | -    8 | packages/app/src/domain/sandbox/useSandboxPageRedirect.ts | (3546)<a target='_blank' href='https://github.com/marsfoundation/spark-app/commit/354676d360f6ffc6dd20d15c6049490c65c53685?scroll_to=packages/app/src/domain/sandbox/useSandboxPageRedirect.ts'>2024-09-30</a><br>+    4 | -    3 | packages/app/src/domain/state/index.ts | (247c)<a target='_blank' href='https://github.com/marsfoundation/spark-app/commit/247c3c7bdcced8c7623f98c72f65d2c62150b8a6?scroll_to=packages/app/src/domain/state/index.ts'>2024-09-27</a><br>+   20 | -    1 | packages/app/src/domain/state/sandbox.ts | (247c)<a target='_blank' href='https://github.com/marsfoundation/spark-app/commit/247c3c7bdcced8c7623f98c72f65d2c62150b8a6?scroll_to=packages/app/src/domain/state/sandbox.ts'>2024-09-27</a><br>+    4 | -    1 | packages/app/src/features/compliance/logic/consts.ts | (1abe)<a target='_blank' href='https://github.com/marsfoundation/spark-app/commit/1abe570136825aa92c4bd637abe83830b609f203?scroll_to=packages/app/src/features/compliance/logic/consts.ts'>2024-09-27</a><br>+    3 | -    3 | packages/app/src/features/farm-details/components/active-farm-info-panel/ActiveFarmInfoPanel.stories.ts | (b22f)<a target='_blank' href='https://github.com/marsfoundation/spark-app/commit/b22f5be90b427b7462fb6aeed23a2d8609946813?scroll_to=packages/app/src/features/farm-details/components/active-farm-info-panel/ActiveFarmInfoPanel.stories.ts'>2024-09-30</a><br>+    0 | -    2 | packages/app/src/features/farm-details/components/active-farm-info-panel/ActiveFarmInfoPanel.tsx | (42bb)<a target='_blank' href='https://github.com/marsfoundation/spark-app/commit/42bb86d13be419bb9efa23c5b7fd98bb39f1ed63?scroll_to=packages/app/src/features/farm-details/components/active-farm-info-panel/ActiveFarmInfoPanel.tsx'>2024-09-27</a><br>+    3 | -    3 | packages/app/src/features/farm-details/components/apr-over-time/AprOverTime.tsx | (42bb)<a target='_blank' href='https://github.com/marsfoundation/spark-app/commit/42bb86d13be419bb9efa23c5b7fd98bb39f1ed63?scroll_to=packages/app/src/features/farm-details/components/apr-over-time/AprOverTime.tsx'>2024-09-27</a><br>+    2 | -    2 | packages/app/src/features/farm-details/components/apr-over-time/components/Chart.tsx | (2403)<a target='_blank' href='https://github.com/marsfoundation/spark-app/commit/240378ae2fa80563a16c6709ee934290b39eec73?scroll_to=packages/app/src/features/farm-details/components/apr-over-time/components/Chart.tsx'>2024-09-27</a>, (42bb)<a target='_blank' href='https://github.com/marsfoundation/spark-app/commit/42bb86d13be419bb9efa23c5b7fd98bb39f1ed63?scroll_to=packages/app/src/features/farm-details/components/apr-over-time/components/Chart.tsx'>2024-09-27</a><br>+    5 | -    5 | packages/app/src/features/farm-details/components/apr-over-time/RewardsOverTime.stories.ts | (2403)<a target='_blank' href='https://github.com/marsfoundation/spark-app/commit/240378ae2fa80563a16c6709ee934290b39eec73?scroll_to=packages/app/src/features/farm-details/components/apr-over-time/RewardsOverTime.stories.ts'>2024-09-27</a><br>+    5 | -    5 | packages/app/src/features/farm-details/components/apr-over-time/RewardsOverTime.tsx | (2403)<a target='_blank' href='https://github.com/marsfoundation/spark-app/commit/240378ae2fa80563a16c6709ee934290b39eec73?scroll_to=packages/app/src/features/farm-details/components/apr-over-time/RewardsOverTime.tsx'>2024-09-27</a><br>+    1 | -    1 | packages/app/src/features/farm-details/components/ApyTooltip.tsx | (2403)<a target='_blank' href='https://github.com/marsfoundation/spark-app/commit/240378ae2fa80563a16c6709ee934290b39eec73?scroll_to=packages/app/src/features/farm-details/components/ApyTooltip.tsx'>2024-09-27</a><br>+    3 | -    3 | packages/app/src/features/farm-details/components/farm-info-panel/FarmInfoPanel.stories.ts | (b22f)<a target='_blank' href='https://github.com/marsfoundation/spark-app/commit/b22f5be90b427b7462fb6aeed23a2d8609946813?scroll_to=packages/app/src/features/farm-details/components/farm-info-panel/FarmInfoPanel.stories.ts'>2024-09-30</a><br>+   13 | -    7 | packages/app/src/features/farm-details/components/farm-info-panel/FarmInfoPanel.tsx | (2403)<a target='_blank' href='https://github.com/marsfoundation/spark-app/commit/240378ae2fa80563a16c6709ee934290b39eec73?scroll_to=packages/app/src/features/farm-details/components/farm-info-panel/FarmInfoPanel.tsx'>2024-09-27</a>, (42bb)<a target='_blank' href='https://github.com/marsfoundation/spark-app/commit/42bb86d13be419bb9efa23c5b7fd98bb39f1ed63?scroll_to=packages/app/src/features/farm-details/components/farm-info-panel/FarmInfoPanel.tsx'>2024-09-27</a><br>+   11 | -   10 | packages/app/src/features/farm-details/components/farm-stats-row/FarmStatsRow.tsx | (2403)<a target='_blank' href='https://github.com/marsfoundation/spark-app/commit/240378ae2fa80563a16c6709ee934290b39eec73?scroll_to=packages/app/src/features/farm-details/components/farm-stats-row/FarmStatsRow.tsx'>2024-09-27</a>, (42bb)<a target='_blank' href='https://github.com/marsfoundation/spark-app/commit/42bb86d13be419bb9efa23c5b7fd98bb39f1ed63?scroll_to=packages/app/src/features/farm-details/components/farm-stats-row/FarmStatsRow.tsx'>2024-09-27</a><br>+   10 | -    0 | packages/app/src/features/farm-details/components/SRRTooltip.tsx | (42bb)<a target='_blank' href='https://github.com/marsfoundation/spark-app/commit/42bb86d13be419bb9efa23c5b7fd98bb39f1ed63?scroll_to=packages/app/src/features/farm-details/components/SRRTooltip.tsx'>2024-09-27</a><br>+   10 | -    3 | packages/app/src/features/farm-details/logic/useFarmDetails.ts | (3546)<a target='_blank' href='https://github.com/marsfoundation/spark-app/commit/354676d360f6ffc6dd20d15c6049490c65c53685?scroll_to=packages/app/src/features/farm-details/logic/useFarmDetails.ts'>2024-09-30</a><br>+   10 | -   10 | packages/app/src/features/farm-details/views/FarmDetailsView.stories.ts | (b22f)<a target='_blank' href='https://github.com/marsfoundation/spark-app/commit/b22f5be90b427b7462fb6aeed23a2d8609946813?scroll_to=packages/app/src/features/farm-details/views/FarmDetailsView.stories.ts'>2024-09-30</a><br>+    2 | -    2 | packages/app/src/features/farm-details/views/FarmDetailsView.tsx | (2403)<a target='_blank' href='https://github.com/marsfoundation/spark-app/commit/240378ae2fa80563a16c6709ee934290b39eec73?scroll_to=packages/app/src/features/farm-details/views/FarmDetailsView.tsx'>2024-09-27</a><br>+    2 | -    2 | packages/app/src/features/farms/components/farm-tile/FarmTile.stories.ts | (b22f)<a target='_blank' href='https://github.com/marsfoundation/spark-app/commit/b22f5be90b427b7462fb6aeed23a2d8609946813?scroll_to=packages/app/src/features/farms/components/farm-tile/FarmTile.stories.ts'>2024-09-30</a><br>+    3 | -    3 | packages/app/src/features/farms/views/FarmsView.stories.ts | (b22f)<a target='_blank' href='https://github.com/marsfoundation/spark-app/commit/b22f5be90b427b7462fb6aeed23a2d8609946813?scroll_to=packages/app/src/features/farms/views/FarmsView.stories.ts'>2024-09-30</a><br>+   10 | -    3 | packages/app/src/features/market-details/components/oracle-panel/components/FixedOraclePanel.tsx | (289d)<a target='_blank' href='https://github.com/marsfoundation/spark-app/commit/289dcfb643f841f998f64dcaba187c355187bd84?scroll_to=packages/app/src/features/market-details/components/oracle-panel/components/FixedOraclePanel.tsx'>2024-09-27</a><br>+   10 | -    3 | packages/app/src/features/market-details/components/oracle-panel/components/MarketOraclePanel.tsx | (289d)<a target='_blank' href='https://github.com/marsfoundation/spark-app/commit/289dcfb643f841f998f64dcaba187c355187bd84?scroll_to=packages/app/src/features/market-details/components/oracle-panel/components/MarketOraclePanel.tsx'>2024-09-27</a><br>+    5 | -    1 | packages/app/src/features/market-details/components/oracle-panel/components/ProvidersList.tsx | (289d)<a target='_blank' href='https://github.com/marsfoundation/spark-app/commit/289dcfb643f841f998f64dcaba187c355187bd84?scroll_to=packages/app/src/features/market-details/components/oracle-panel/components/ProvidersList.tsx'>2024-09-27</a><br>+   10 | -    3 | packages/app/src/features/market-details/components/oracle-panel/components/UnderlyingAssetOraclePanel.tsx | (289d)<a target='_blank' href='https://github.com/marsfoundation/spark-app/commit/289dcfb643f841f998f64dcaba187c355187bd84?scroll_to=packages/app/src/features/market-details/components/oracle-panel/components/UnderlyingAssetOraclePanel.tsx'>2024-09-27</a><br>+   10 | -    3 | packages/app/src/features/market-details/components/oracle-panel/components/UnknownOraclePanel.tsx | (289d)<a target='_blank' href='https://github.com/marsfoundation/spark-app/commit/289dcfb643f841f998f64dcaba187c355187bd84?scroll_to=packages/app/src/features/market-details/components/oracle-panel/components/UnknownOraclePanel.tsx'>2024-09-27</a><br>+   34 | -    8 | packages/app/src/features/market-details/components/oracle-panel/components/YieldingFixedOraclePanel.tsx | (289d)<a target='_blank' href='https://github.com/marsfoundation/spark-app/commit/289dcfb643f841f998f64dcaba187c355187bd84?scroll_to=packages/app/src/features/market-details/components/oracle-panel/components/YieldingFixedOraclePanel.tsx'>2024-09-27</a><br>+   10 | -    1 | packages/app/src/features/market-details/logic/useMarketDetails.ts | (3546)<a target='_blank' href='https://github.com/marsfoundation/spark-app/commit/354676d360f6ffc6dd20d15c6049490c65c53685?scroll_to=packages/app/src/features/market-details/logic/useMarketDetails.ts'>2024-09-30</a><br>+    1 | -    1 | packages/app/src/features/my-portfolio/components/wallet-composition/WalletComposition.stories.tsx | (b22f)<a target='_blank' href='https://github.com/marsfoundation/spark-app/commit/b22f5be90b427b7462fb6aeed23a2d8609946813?scroll_to=packages/app/src/features/my-portfolio/components/wallet-composition/WalletComposition.stories.tsx'>2024-09-30</a><br>+    2 | -    2 | packages/app/src/features/navbar/components/wallet-dropdown/components/ConnectedButton.stories.tsx | (b22f)<a target='_blank' href='https://github.com/marsfoundation/spark-app/commit/b22f5be90b427b7462fb6aeed23a2d8609946813?scroll_to=packages/app/src/features/navbar/components/wallet-dropdown/components/ConnectedButton.stories.tsx'>2024-09-30</a><br>+    1 | -    1 | packages/app/src/features/navbar/components/wallet-dropdown/components/WalletDropdownContent.stories.tsx | (b22f)<a target='_blank' href='https://github.com/marsfoundation/spark-app/commit/b22f5be90b427b7462fb6aeed23a2d8609946813?scroll_to=packages/app/src/features/navbar/components/wallet-dropdown/components/WalletDropdownContent.stories.tsx'>2024-09-30</a><br>+    3 | -    2 | packages/app/src/features/navbar/components/wallet-dropdown/WalletDropdown.stories.ts | (b22f)<a target='_blank' href='https://github.com/marsfoundation/spark-app/commit/b22f5be90b427b7462fb6aeed23a2d8609946813?scroll_to=packages/app/src/features/navbar/components/wallet-dropdown/WalletDropdown.stories.ts'>2024-09-30</a><br>+    2 | -    2 | packages/app/src/features/navbar/logic/generateWalletAvatar.ts | (b22f)<a target='_blank' href='https://github.com/marsfoundation/spark-app/commit/b22f5be90b427b7462fb6aeed23a2d8609946813?scroll_to=packages/app/src/features/navbar/logic/generateWalletAvatar.ts'>2024-09-30</a><br>+    4 | -    2 | packages/app/src/features/navbar/logic/useNavbar.ts | (ab14)<a target='_blank' href='https://github.com/marsfoundation/spark-app/commit/ab1492cd128ed873ea0219953d38f8b4ace9bd45?scroll_to=packages/app/src/features/navbar/logic/useNavbar.ts'>2024-09-27</a><br>+    1 | -    1 | packages/app/src/features/savings/views/SavingsDaiAndUSDSView.tsx | (2808)<a target='_blank' href='https://github.com/marsfoundation/spark-app/commit/2808b58346bcf54d63095eb47efbb56ffd685303?scroll_to=packages/app/src/features/savings/views/SavingsDaiAndUSDSView.tsx'>2024-09-30</a><br>+  101 | -    0 | packages/app/src/pages/MarketDetails.PageObject.ts | (289d)<a target='_blank' href='https://github.com/marsfoundation/spark-app/commit/289dcfb643f841f998f64dcaba187c355187bd84?scroll_to=packages/app/src/pages/MarketDetails.PageObject.ts'>2024-09-27</a><br>+    1 | -    0 | packages/app/src/ui/constants/links.ts | (42bb)<a target='_blank' href='https://github.com/marsfoundation/spark-app/commit/42bb86d13be419bb9efa23c5b7fd98bb39f1ed63?scroll_to=packages/app/src/ui/constants/links.ts'>2024-09-27</a><br>+    9 | -    2 | packages/app/src/ui/molecules/block-explorer-address-link/BlockExplorerAddressLink.tsx | (289d)<a target='_blank' href='https://github.com/marsfoundation/spark-app/commit/289dcfb643f841f998f64dcaba187c355187bd84?scroll_to=packages/app/src/ui/molecules/block-explorer-address-link/BlockExplorerAddressLink.tsx'>2024-09-27</a></pre>","","github.com/marsfoundation/spark-app","<pre>
                    <a target='_target' href='https://github.com/marsfoundation/spark-app/commit/354676d360f6ffc6dd20d15c6049490c65c53685'>354676d360f6ffc6dd20d15c6049490c65c53685</a>
                    
                    Add sandbox redirect for market page (#312)

* Add sandbox redirect for market page

* Move useSandboxPageRedirect file into shared directory
                <br>
                    <a target='_target' href='https://github.com/marsfoundation/spark-app/commit/b22f5be90b427b7462fb6aeed23a2d8609946813'>b22f5be90b427b7462fb6aeed23a2d8609946813</a>
                    
                    Adjust farm stories (#311)

* Remove MKR appeareances from stories

* Adjust stories wallet icons

* Replace DAI with USDS
                <br>
                    <a target='_target' href='https://github.com/marsfoundation/spark-app/commit/7f94f65330f550af519b210a5fb2aa5fc796adc4'>7f94f65330f550af519b210a5fb2aa5fc796adc4</a>
                    
                    Remove USDS devnet (#310)
                <br>
                    <a target='_target' href='https://github.com/marsfoundation/spark-app/commit/2808b58346bcf54d63095eb47efbb56ffd685303'>2808b58346bcf54d63095eb47efbb56ffd685303</a>
                    
                    Display SSR instead of DSR in empty savings state (#316)
                <br>
                    <a target='_target' href='https://github.com/marsfoundation/spark-app/commit/247c3c7bdcced8c7623f98c72f65d2c62150b8a6'>247c3c7bdcced8c7623f98c72f65d2c62150b8a6</a>
                    
                    Clear sandbox when expired (#304)

* Clear sandbox when expired

* Expire sandbox in unPersistSandboxSlice function

* Refactor

* Bring back 6 hours TTL

* Clear sandbox only in production

---------

Co-authored-by: yivlad <jacenko.vlad@gmail.com>
                <br>
                    <a target='_target' href='https://github.com/marsfoundation/spark-app/commit/1abe570136825aa92c4bd637abe83830b609f203'>1abe570136825aa92c4bd637abe83830b609f203</a>
                    
                    Add geoblocking for farms (#315)
                <br>
                    <a target='_target' href='https://github.com/marsfoundation/spark-app/commit/289dcfb643f841f998f64dcaba187c355187bd84'>289dcfb643f841f998f64dcaba187c355187bd84</a>
                    
                    Add oracles E2E tests (#306)

* Add Oracles e2e tests

* Fix broken e2e structure

* Add oracles test for providers amount

* Lint fix

* Extend test titles
                <br>
                    <a target='_target' href='https://github.com/marsfoundation/spark-app/commit/240378ae2fa80563a16c6709ee934290b39eec73'>240378ae2fa80563a16c6709ee934290b39eec73</a>
                    
                    Mix rewards with apy (#313)
                <br>
                    <a target='_target' href='https://github.com/marsfoundation/spark-app/commit/42bb86d13be419bb9efa23c5b7fd98bb39f1ed63'>42bb86d13be419bb9efa23c5b7fd98bb39f1ed63</a>
                    
                    Improve copy at farm details page (#309)
                <br>
                    <a target='_target' href='https://github.com/marsfoundation/spark-app/commit/ab1492cd128ed873ea0219953d38f8b4ace9bd45'>ab1492cd128ed873ea0219953d38f8b4ace9bd45</a>
                    
                    Fix ENS name and avatar display in navbar (#308)
                <br>
                    <a target='_target' href='https://github.com/marsfoundation/spark-app/commit/d7a154f37d43ee9b321117112cc8bbee2f2c9d7e'>d7a154f37d43ee9b321117112cc8bbee2f2c9d7e</a>
                    
                    Adjust test config (#307)
                </pre>"," 99.78 - TypeScript<br> 0.11 - CSS<br> 0.06 - HTML<br> 0.05 - JavaScript"
"sparklend","SparkLend","2023-11-01T15:00:00.000Z","5000000","https://immunefi.com/bounty/sparklend","2024-09-27","github.com/marsfoundation/spark-docs/commits","master","{}","","","github.com/marsfoundation/spark-docs","<pre>
                    <a target='_target' href='https://github.com/marsfoundation/spark-docs/commit/cccb9f4e684b318044f9e21d6cc0d55d27e8be56'>cccb9f4e684b318044f9e21d6cc0d55d27e8be56</a>
                    
                    GITBOOK-53: farm docs
                </pre>",""
"sparklend","SparkLend","2023-11-01T15:00:00.000Z","5000000","https://immunefi.com/bounty/sparklend","2024-09-23","github.com/marsfoundation/spark-dev-docs/commits","master","{}","","","github.com/marsfoundation/spark-dev-docs","<pre></pre>",""
"reserve","Reserve","2023-04-27T12:00+03:00","5000000","https://immunefi.com/bounty/reserve","2024-09-10","github.com/reserve-protocol/protocol/commits","master","{}","","","github.com/reserve-protocol/protocol","<pre></pre>"," 75.28 - TypeScript<br> 24.47 - Solidity<br> 0.1 - Shell<br> 0.05 - HTML<br> 0.05 - CSS<br> 0.03 - JavaScript<br> 0.02 - Python<br> 0 - Emacs Lisp"
"wormhole","Wormhole","2022-02-11T09:00-06:00","5000000","https://immunefi.com/bounty/wormhole","2024-09-26","github.com/wormhole-foundation/wormhole/commits","main","{}","","","github.com/wormhole-foundation/wormhole","<pre></pre>"," 53.02 - TypeScript<br> 21.55 - Go<br> 10.86 - Rust<br> 5.54 - Move<br> 5.14 - Solidity<br> 1.79 - Python<br> 1.1 - Shell<br> 0.49 - JavaScript<br> 0.2 - Starlark<br> 0.18 - Makefile<br> 0.12 - Dockerfile<br> 0.01 - HTML"
"wormhole","Wormhole","2022-02-11T09:00-06:00","5000000","https://immunefi.com/bounty/wormhole","2023-12-05","github.com/wormhole-foundation/wormhole-circle-integration/commits","main","{}","","","github.com/wormhole-foundation/wormhole-circle-integration","<pre></pre>"," 56.58 - Solidity<br> 39.56 - TypeScript<br> 3.38 - Shell<br> 0.48 - Makefile"
"babylon-labs","Babylon Labs","2024-09-16T15:00:00.000Z","3000000","https://immunefi.com/bounty/babylon-labs","2024-09-30","github.com/babylonlabs-io/babylon/commits","main","{""yml"":1,""go"":47,""proto"":6}","<pre>+    0 | -   54 | .github/workflows/ci.yml | (d640)<a target='_blank' href='https://github.com/babylonlabs-io/babylon/commit/d64059107f22914ce124e8a1bc4da1a3e2bb381d?scroll_to=.github/workflows/ci.yml'>2024-09-30</a><br>+    0 | -   13 | app/app.go | (d640)<a target='_blank' href='https://github.com/babylonlabs-io/babylon/commit/d64059107f22914ce124e8a1bc4da1a3e2bb381d?scroll_to=app/app.go'>2024-09-30</a><br>+    7 | -   46 | app/keepers/keepers.go | (d640)<a target='_blank' href='https://github.com/babylonlabs-io/babylon/commit/d64059107f22914ce124e8a1bc4da1a3e2bb381d?scroll_to=app/keepers/keepers.go'>2024-09-30</a><br>+    8 | -    1 | app/upgrades/signetlaunch/upgrades.go | (d640)<a target='_blank' href='https://github.com/babylonlabs-io/babylon/commit/d64059107f22914ce124e8a1bc4da1a3e2bb381d?scroll_to=app/upgrades/signetlaunch/upgrades.go'>2024-09-30</a><br>+    0 | -   96 | client/query/zoneconcierge.go | (d640)<a target='_blank' href='https://github.com/babylonlabs-io/babylon/commit/d64059107f22914ce124e8a1bc4da1a3e2bb381d?scroll_to=client/query/zoneconcierge.go'>2024-09-30</a><br>+    0 | -   13 | proto/babylon/zoneconcierge/v1/genesis.proto | (d640)<a target='_blank' href='https://github.com/babylonlabs-io/babylon/commit/d64059107f22914ce124e8a1bc4da1a3e2bb381d?scroll_to=proto/babylon/zoneconcierge/v1/genesis.proto'>2024-09-30</a><br>+    0 | -   53 | proto/babylon/zoneconcierge/v1/packet.proto | (d640)<a target='_blank' href='https://github.com/babylonlabs-io/babylon/commit/d64059107f22914ce124e8a1bc4da1a3e2bb381d?scroll_to=proto/babylon/zoneconcierge/v1/packet.proto'>2024-09-30</a><br>+    0 | -   16 | proto/babylon/zoneconcierge/v1/params.proto | (d640)<a target='_blank' href='https://github.com/babylonlabs-io/babylon/commit/d64059107f22914ce124e8a1bc4da1a3e2bb381d?scroll_to=proto/babylon/zoneconcierge/v1/params.proto'>2024-09-30</a><br>+    0 | -  202 | proto/babylon/zoneconcierge/v1/query.proto | (d640)<a target='_blank' href='https://github.com/babylonlabs-io/babylon/commit/d64059107f22914ce124e8a1bc4da1a3e2bb381d?scroll_to=proto/babylon/zoneconcierge/v1/query.proto'>2024-09-30</a><br>+    0 | -   37 | proto/babylon/zoneconcierge/v1/tx.proto | (d640)<a target='_blank' href='https://github.com/babylonlabs-io/babylon/commit/d64059107f22914ce124e8a1bc4da1a3e2bb381d?scroll_to=proto/babylon/zoneconcierge/v1/tx.proto'>2024-09-30</a><br>+    0 | -  148 | proto/babylon/zoneconcierge/v1/zoneconcierge.proto | (d640)<a target='_blank' href='https://github.com/babylonlabs-io/babylon/commit/d64059107f22914ce124e8a1bc4da1a3e2bb381d?scroll_to=proto/babylon/zoneconcierge/v1/zoneconcierge.proto'>2024-09-30</a><br>+   13 | -   11 | wasmbinding/wasm.go | (d640)<a target='_blank' href='https://github.com/babylonlabs-io/babylon/commit/d64059107f22914ce124e8a1bc4da1a3e2bb381d?scroll_to=wasmbinding/wasm.go'>2024-09-30</a><br>+   66 | -    0 | x/finality/client/cli/query.go | (13b1)<a target='_blank' href='https://github.com/babylonlabs-io/babylon/commit/13b1e35d37ea3e3346ae87e721bb9a1df2bdb0bc?scroll_to=x/finality/client/cli/query.go'>2024-09-30</a><br>+    0 | -   23 | x/zoneconcierge/abci.go | (d640)<a target='_blank' href='https://github.com/babylonlabs-io/babylon/commit/d64059107f22914ce124e8a1bc4da1a3e2bb381d?scroll_to=x/zoneconcierge/abci.go'>2024-09-30</a><br>+    0 | -  105 | x/zoneconcierge/client/cli/query.go | (d640)<a target='_blank' href='https://github.com/babylonlabs-io/babylon/commit/d64059107f22914ce124e8a1bc4da1a3e2bb381d?scroll_to=x/zoneconcierge/client/cli/query.go'>2024-09-30</a><br>+    0 | -   23 | x/zoneconcierge/client/cli/tx.go | (d640)<a target='_blank' href='https://github.com/babylonlabs-io/babylon/commit/d64059107f22914ce124e8a1bc4da1a3e2bb381d?scroll_to=x/zoneconcierge/client/cli/tx.go'>2024-09-30</a><br>+    0 | -   37 | x/zoneconcierge/genesis.go | (d640)<a target='_blank' href='https://github.com/babylonlabs-io/babylon/commit/d64059107f22914ce124e8a1bc4da1a3e2bb381d?scroll_to=x/zoneconcierge/genesis.go'>2024-09-30</a><br>+    0 | -   74 | x/zoneconcierge/keeper/canonical_chain_indexer.go | (d640)<a target='_blank' href='https://github.com/babylonlabs-io/babylon/commit/d64059107f22914ce124e8a1bc4da1a3e2bb381d?scroll_to=x/zoneconcierge/keeper/canonical_chain_indexer.go'>2024-09-30</a><br>+    0 | -  142 | x/zoneconcierge/keeper/chain_info_indexer.go | (d640)<a target='_blank' href='https://github.com/babylonlabs-io/babylon/commit/d64059107f22914ce124e8a1bc4da1a3e2bb381d?scroll_to=x/zoneconcierge/keeper/chain_info_indexer.go'>2024-09-30</a><br>+    0 | -  139 | x/zoneconcierge/keeper/epoch_chain_info_indexer.go | (d640)<a target='_blank' href='https://github.com/babylonlabs-io/babylon/commit/d64059107f22914ce124e8a1bc4da1a3e2bb381d?scroll_to=x/zoneconcierge/keeper/epoch_chain_info_indexer.go'>2024-09-30</a><br>+    0 | -   79 | x/zoneconcierge/keeper/epochs.go | (d640)<a target='_blank' href='https://github.com/babylonlabs-io/babylon/commit/d64059107f22914ce124e8a1bc4da1a3e2bb381d?scroll_to=x/zoneconcierge/keeper/epochs.go'>2024-09-30</a><br>+    0 | -   59 | x/zoneconcierge/keeper/fork_indexer.go | (d640)<a target='_blank' href='https://github.com/babylonlabs-io/babylon/commit/d64059107f22914ce124e8a1bc4da1a3e2bb381d?scroll_to=x/zoneconcierge/keeper/fork_indexer.go'>2024-09-30</a><br>+    0 | -  403 | x/zoneconcierge/keeper/grpc_query.go | (d640)<a target='_blank' href='https://github.com/babylonlabs-io/babylon/commit/d64059107f22914ce124e8a1bc4da1a3e2bb381d?scroll_to=x/zoneconcierge/keeper/grpc_query.go'>2024-09-30</a><br>+    0 | -   73 | x/zoneconcierge/keeper/header_handler.go | (d640)<a target='_blank' href='https://github.com/babylonlabs-io/babylon/commit/d64059107f22914ce124e8a1bc4da1a3e2bb381d?scroll_to=x/zoneconcierge/keeper/header_handler.go'>2024-09-30</a><br>+    0 | -   65 | x/zoneconcierge/keeper/hooks.go | (d640)<a target='_blank' href='https://github.com/babylonlabs-io/babylon/commit/d64059107f22914ce124e8a1bc4da1a3e2bb381d?scroll_to=x/zoneconcierge/keeper/hooks.go'>2024-09-30</a><br>+    0 | -   41 | x/zoneconcierge/keeper/ibc_channels.go | (d640)<a target='_blank' href='https://github.com/babylonlabs-io/babylon/commit/d64059107f22914ce124e8a1bc4da1a3e2bb381d?scroll_to=x/zoneconcierge/keeper/ibc_channels.go'>2024-09-30</a><br>+    0 | -  105 | x/zoneconcierge/keeper/ibc_header_decorator.go | (d640)<a target='_blank' href='https://github.com/babylonlabs-io/babylon/commit/d64059107f22914ce124e8a1bc4da1a3e2bb381d?scroll_to=x/zoneconcierge/keeper/ibc_header_decorator.go'>2024-09-30</a><br>+    0 | -  253 | x/zoneconcierge/keeper/ibc_packet_btc_timestamp.go | (d640)<a target='_blank' href='https://github.com/babylonlabs-io/babylon/commit/d64059107f22914ce124e8a1bc4da1a3e2bb381d?scroll_to=x/zoneconcierge/keeper/ibc_packet_btc_timestamp.go'>2024-09-30</a><br>+    0 | -   74 | x/zoneconcierge/keeper/ibc_packet.go | (d640)<a target='_blank' href='https://github.com/babylonlabs-io/babylon/commit/d64059107f22914ce124e8a1bc4da1a3e2bb381d?scroll_to=x/zoneconcierge/keeper/ibc_packet.go'>2024-09-30</a><br>+    0 | -  121 | x/zoneconcierge/keeper/keeper.go | (d640)<a target='_blank' href='https://github.com/babylonlabs-io/babylon/commit/d64059107f22914ce124e8a1bc4da1a3e2bb381d?scroll_to=x/zoneconcierge/keeper/keeper.go'>2024-09-30</a><br>+    0 | -   39 | x/zoneconcierge/keeper/msg_server.go | (d640)<a target='_blank' href='https://github.com/babylonlabs-io/babylon/commit/d64059107f22914ce124e8a1bc4da1a3e2bb381d?scroll_to=x/zoneconcierge/keeper/msg_server.go'>2024-09-30</a><br>+    0 | -   36 | x/zoneconcierge/keeper/params.go | (d640)<a target='_blank' href='https://github.com/babylonlabs-io/babylon/commit/d64059107f22914ce124e8a1bc4da1a3e2bb381d?scroll_to=x/zoneconcierge/keeper/params.go'>2024-09-30</a><br>+    0 | -  129 | x/zoneconcierge/keeper/proof_btc_timestamp.go | (d640)<a target='_blank' href='https://github.com/babylonlabs-io/babylon/commit/d64059107f22914ce124e8a1bc4da1a3e2bb381d?scroll_to=x/zoneconcierge/keeper/proof_btc_timestamp.go'>2024-09-30</a><br>+    0 | -   40 | x/zoneconcierge/keeper/query_kvstore.go | (d640)<a target='_blank' href='https://github.com/babylonlabs-io/babylon/commit/d64059107f22914ce124e8a1bc4da1a3e2bb381d?scroll_to=x/zoneconcierge/keeper/query_kvstore.go'>2024-09-30</a><br>+    0 | -  228 | x/zoneconcierge/module_ibc.go | (d640)<a target='_blank' href='https://github.com/babylonlabs-io/babylon/commit/d64059107f22914ce124e8a1bc4da1a3e2bb381d?scroll_to=x/zoneconcierge/module_ibc.go'>2024-09-30</a><br>+    0 | -  163 | x/zoneconcierge/module.go | (d640)<a target='_blank' href='https://github.com/babylonlabs-io/babylon/commit/d64059107f22914ce124e8a1bc4da1a3e2bb381d?scroll_to=x/zoneconcierge/module.go'>2024-09-30</a><br>+    0 | -  337 | x/zoneconcierge/types/btc_timestamp.go | (d640)<a target='_blank' href='https://github.com/babylonlabs-io/babylon/commit/d64059107f22914ce124e8a1bc4da1a3e2bb381d?scroll_to=x/zoneconcierge/types/btc_timestamp.go'>2024-09-30</a><br>+    0 | -   19 | x/zoneconcierge/types/codec.go | (d640)<a target='_blank' href='https://github.com/babylonlabs-io/babylon/commit/d64059107f22914ce124e8a1bc4da1a3e2bb381d?scroll_to=x/zoneconcierge/types/codec.go'>2024-09-30</a><br>+    0 | -   19 | x/zoneconcierge/types/errors.go | (d640)<a target='_blank' href='https://github.com/babylonlabs-io/babylon/commit/d64059107f22914ce124e8a1bc4da1a3e2bb381d?scroll_to=x/zoneconcierge/types/errors.go'>2024-09-30</a><br>+    0 | -    9 | x/zoneconcierge/types/events_ibc.go | (d640)<a target='_blank' href='https://github.com/babylonlabs-io/babylon/commit/d64059107f22914ce124e8a1bc4da1a3e2bb381d?scroll_to=x/zoneconcierge/types/events_ibc.go'>2024-09-30</a><br>+    0 | -  111 | x/zoneconcierge/types/expected_keepers.go | (d640)<a target='_blank' href='https://github.com/babylonlabs-io/babylon/commit/d64059107f22914ce124e8a1bc4da1a3e2bb381d?scroll_to=x/zoneconcierge/types/expected_keepers.go'>2024-09-30</a><br>+    0 | -   33 | x/zoneconcierge/types/genesis.go | (d640)<a target='_blank' href='https://github.com/babylonlabs-io/babylon/commit/d64059107f22914ce124e8a1bc4da1a3e2bb381d?scroll_to=x/zoneconcierge/types/genesis.go'>2024-09-30</a><br>+    0 | -  376 | x/zoneconcierge/types/genesis.pb.go | (d640)<a target='_blank' href='https://github.com/babylonlabs-io/babylon/commit/d64059107f22914ce124e8a1bc4da1a3e2bb381d?scroll_to=x/zoneconcierge/types/genesis.pb.go'>2024-09-30</a><br>+    0 | -   43 | x/zoneconcierge/types/keys.go | (d640)<a target='_blank' href='https://github.com/babylonlabs-io/babylon/commit/d64059107f22914ce124e8a1bc4da1a3e2bb381d?scroll_to=x/zoneconcierge/types/keys.go'>2024-09-30</a><br>+    0 | -   10 | x/zoneconcierge/types/msg.go | (d640)<a target='_blank' href='https://github.com/babylonlabs-io/babylon/commit/d64059107f22914ce124e8a1bc4da1a3e2bb381d?scroll_to=x/zoneconcierge/types/msg.go'>2024-09-30</a><br>+    0 | -  905 | x/zoneconcierge/types/packet.pb.go | (d640)<a target='_blank' href='https://github.com/babylonlabs-io/babylon/commit/d64059107f22914ce124e8a1bc4da1a3e2bb381d?scroll_to=x/zoneconcierge/types/packet.pb.go'>2024-09-30</a><br>+    0 | -   34 | x/zoneconcierge/types/params.go | (d640)<a target='_blank' href='https://github.com/babylonlabs-io/babylon/commit/d64059107f22914ce124e8a1bc4da1a3e2bb381d?scroll_to=x/zoneconcierge/types/params.go'>2024-09-30</a><br>+    0 | -  333 | x/zoneconcierge/types/params.pb.go | (d640)<a target='_blank' href='https://github.com/babylonlabs-io/babylon/commit/d64059107f22914ce124e8a1bc4da1a3e2bb381d?scroll_to=x/zoneconcierge/types/params.pb.go'>2024-09-30</a><br>+    0 | - 4483 | x/zoneconcierge/types/query.pb.go | (d640)<a target='_blank' href='https://github.com/babylonlabs-io/babylon/commit/d64059107f22914ce124e8a1bc4da1a3e2bb381d?scroll_to=x/zoneconcierge/types/query.pb.go'>2024-09-30</a><br>+    0 | -  991 | x/zoneconcierge/types/query.pb.gw.go | (d640)<a target='_blank' href='https://github.com/babylonlabs-io/babylon/commit/d64059107f22914ce124e8a1bc4da1a3e2bb381d?scroll_to=x/zoneconcierge/types/query.pb.gw.go'>2024-09-30</a><br>+    0 | -  596 | x/zoneconcierge/types/tx.pb.go | (d640)<a target='_blank' href='https://github.com/babylonlabs-io/babylon/commit/d64059107f22914ce124e8a1bc4da1a3e2bb381d?scroll_to=x/zoneconcierge/types/tx.pb.go'>2024-09-30</a><br>+    0 | -   19 | x/zoneconcierge/types/types.go | (d640)<a target='_blank' href='https://github.com/babylonlabs-io/babylon/commit/d64059107f22914ce124e8a1bc4da1a3e2bb381d?scroll_to=x/zoneconcierge/types/types.go'>2024-09-30</a><br>+    0 | -  138 | x/zoneconcierge/types/zoneconcierge.go | (d640)<a target='_blank' href='https://github.com/babylonlabs-io/babylon/commit/d64059107f22914ce124e8a1bc4da1a3e2bb381d?scroll_to=x/zoneconcierge/types/zoneconcierge.go'>2024-09-30</a><br>+    0 | - 2776 | x/zoneconcierge/types/zoneconcierge.pb.go | (d640)<a target='_blank' href='https://github.com/babylonlabs-io/babylon/commit/d64059107f22914ce124e8a1bc4da1a3e2bb381d?scroll_to=x/zoneconcierge/types/zoneconcierge.pb.go'>2024-09-30</a></pre>","","github.com/babylonlabs-io/babylon","<pre>
                    <a target='_target' href='https://github.com/babylonlabs-io/babylon/commit/47863bac4b598170537dd84083c8fc8501372ebf'>47863bac4b598170537dd84083c8fc8501372ebf</a>
                    
                    backport: Fix changelog (#109)
                <br>
                    <a target='_target' href='https://github.com/babylonlabs-io/babylon/commit/d64059107f22914ce124e8a1bc4da1a3e2bb381d'>d64059107f22914ce124e8a1bc4da1a3e2bb381d</a>
                    
                    Remove `x/zoneconcierge` module (#55)

just a show case of changes necessary to remove zoneconciege module
                <br>
                    <a target='_target' href='https://github.com/babylonlabs-io/babylon/commit/13b1e35d37ea3e3346ae87e721bb9a1df2bdb0bc'>13b1e35d37ea3e3346ae87e721bb9a1df2bdb0bc</a>
                    
                    chore: Add signing info query cmd (#106)
                <br>
                    <a target='_target' href='https://github.com/babylonlabs-io/babylon/commit/8b656dd500bea135947e8b4ed1433b2325142b94'>8b656dd500bea135947e8b4ed1433b2325142b94</a>
                    
                    chore: update changelog of release v0.10.1 (#104)
                <br>
                    <a target='_target' href='https://github.com/babylonlabs-io/babylon/commit/da4cc467ea1cd81435dfa4627fb9f0d2e6a31dfd'>da4cc467ea1cd81435dfa4627fb9f0d2e6a31dfd</a>
                    
                    chore: add changelog for pr 91 (#97)

Forgot to add changelog in #91
                </pre>"," 98.25 - Go<br> 1.19 - Makefile<br> 0.35 - Shell<br> 0.21 - Dockerfile"
"babylon-labs","Babylon Labs","2024-09-16T15:00:00.000Z","3000000","https://immunefi.com/bounty/babylon-labs","2024-09-16","github.com/babylonlabs-io/btc-staking-ts/commits","dev","{}","","","github.com/babylonlabs-io/btc-staking-ts","<pre></pre>"," 98.29 - TypeScript<br> 1.45 - JavaScript<br> 0.27 - Shell"
"babylon-labs","Babylon Labs","2024-09-16T15:00:00.000Z","3000000","https://immunefi.com/bounty/babylon-labs","2024-09-24","github.com/babylonlabs-io/staking-indexer/commits","main","{}","","","github.com/babylonlabs-io/staking-indexer","<pre></pre>"," 97.1 - Go<br> 1.13 - Dockerfile<br> 0.89 - Makefile<br> 0.88 - Shell"
"babylon-labs","Babylon Labs","2024-09-16T15:00:00.000Z","3000000","https://immunefi.com/bounty/babylon-labs","2024-09-02","github.com/babylonlabs-io/staking-queue-client/commits","main","{}","","","github.com/babylonlabs-io/staking-queue-client","<pre></pre>"," 98.31 - Go<br> 0.95 - Makefile<br> 0.74 - Shell"
"babylon-labs","Babylon Labs","2024-09-16T15:00:00.000Z","3000000","https://immunefi.com/bounty/babylon-labs","2024-09-26","github.com/babylonlabs-io/staking-expiry-checker/commits","main","{}","","","github.com/babylonlabs-io/staking-expiry-checker","<pre></pre>"," 87.89 - Go<br> 4.54 - Shell<br> 3.85 - Makefile<br> 3.71 - Dockerfile"
"babylon-labs","Babylon Labs","2024-09-16T15:00:00.000Z","3000000","https://immunefi.com/bounty/babylon-labs","2024-09-22","github.com/babylonlabs-io/covenant-signer/commits","main","{}","","","github.com/babylonlabs-io/covenant-signer","<pre></pre>"," 97.55 - Go<br> 1.38 - Dockerfile<br> 1.08 - Makefile"
"babylon-labs","Babylon Labs","2024-09-16T15:00:00.000Z","3000000","https://immunefi.com/bounty/babylon-labs","2024-09-06","github.com/babylonlabs-io/cli-tools/commits","main","{}","","","github.com/babylonlabs-io/cli-tools","<pre></pre>"," 97.93 - Go<br> 0.78 - Dockerfile<br> 0.74 - Makefile<br> 0.55 - Shell"
"babylon-labs","Babylon Labs","2024-09-16T15:00:00.000Z","3000000","https://immunefi.com/bounty/babylon-labs","2024-09-27","github.com/babylonlabs-io/btc-staker/commits","main","{}","","","github.com/babylonlabs-io/btc-staker","<pre></pre>"," 98.03 - Go<br> 0.98 - Shell<br> 0.66 - Dockerfile<br> 0.33 - Makefile"
"babylon-labs","Babylon Labs","2024-09-16T15:00:00.000Z","3000000","https://immunefi.com/bounty/babylon-labs","2024-09-27","github.com/babylonlabs-io/finality-provider/commits","main","{}","","","github.com/babylonlabs-io/finality-provider","<pre></pre>"," 98.12 - Go<br> 0.71 - Makefile<br> 0.7 - Shell<br> 0.47 - Dockerfile"
"babylon-labs","Babylon Labs","2024-09-16T15:00:00.000Z","3000000","https://immunefi.com/bounty/babylon-labs","2024-09-26","github.com/babylonlabs-io/networks/commits","main","{}","","","github.com/babylonlabs-io/networks","<pre></pre>"," 51.89 - Go<br> 43.45 - Standard ML<br> 4.66 - Shell"
"babylon-labs","Babylon Labs","2024-09-16T15:00:00.000Z","3000000","https://immunefi.com/bounty/babylon-labs","2024-09-30","github.com/babylonlabs-io/staking-api-service/commits","main","{""json"":2,""yaml"":2,""yml"":2,""go"":17}","<pre>+    1 | -    6 | config/config-docker.yml | (c76e)<a target='_blank' href='https://github.com/babylonlabs-io/staking-api-service/commit/c76eadfc98771d30fb4b09ba87e563f4dac9e55e?scroll_to=config/config-docker.yml'>2024-09-30</a><br>+    1 | -    6 | config/config-local.yml | (c76e)<a target='_blank' href='https://github.com/babylonlabs-io/staking-api-service/commit/c76eadfc98771d30fb4b09ba87e563f4dac9e55e?scroll_to=config/config-local.yml'>2024-09-30</a><br>+   15 | -    4 | docs/docs.go | (a598)<a target='_blank' href='https://github.com/babylonlabs-io/staking-api-service/commit/a598e229859b676a7c20be69f74ae4253333c8df?scroll_to=docs/docs.go'>2024-09-30</a>, (c8d8)<a target='_blank' href='https://github.com/babylonlabs-io/staking-api-service/commit/c8d851f40c65a689cb9ec282ccecd8270fb34ae6?scroll_to=docs/docs.go'>2024-09-27</a><br>+   15 | -    4 | docs/swagger.json | (a598)<a target='_blank' href='https://github.com/babylonlabs-io/staking-api-service/commit/a598e229859b676a7c20be69f74ae4253333c8df?scroll_to=docs/swagger.json'>2024-09-30</a>, (c8d8)<a target='_blank' href='https://github.com/babylonlabs-io/staking-api-service/commit/c8d851f40c65a689cb9ec282ccecd8270fb34ae6?scroll_to=docs/swagger.json'>2024-09-27</a><br>+   11 | -    4 | docs/swagger.yaml | (a598)<a target='_blank' href='https://github.com/babylonlabs-io/staking-api-service/commit/a598e229859b676a7c20be69f74ae4253333c8df?scroll_to=docs/swagger.yaml'>2024-09-30</a>, (c8d8)<a target='_blank' href='https://github.com/babylonlabs-io/staking-api-service/commit/c8d851f40c65a689cb9ec282ccecd8270fb34ae6?scroll_to=docs/swagger.yaml'>2024-09-27</a><br>+    4 | -    0 | internal/api/handlers/handler.go | (a598)<a target='_blank' href='https://github.com/babylonlabs-io/staking-api-service/commit/a598e229859b676a7c20be69f74ae4253333c8df?scroll_to=internal/api/handlers/handler.go'>2024-09-30</a><br>+   29 | -    7 | internal/api/handlers/staker.go | (a598)<a target='_blank' href='https://github.com/babylonlabs-io/staking-api-service/commit/a598e229859b676a7c20be69f74ae4253333c8df?scroll_to=internal/api/handlers/staker.go'>2024-09-30</a>, (c8d8)<a target='_blank' href='https://github.com/babylonlabs-io/staking-api-service/commit/c8d851f40c65a689cb9ec282ccecd8270fb34ae6?scroll_to=internal/api/handlers/staker.go'>2024-09-27</a><br>+    6 | -    5 | internal/api/middlewares/cors.go | (a598)<a target='_blank' href='https://github.com/babylonlabs-io/staking-api-service/commit/a598e229859b676a7c20be69f74ae4253333c8df?scroll_to=internal/api/middlewares/cors.go'>2024-09-30</a><br>+    0 | -    5 | internal/clients/clients.go | (c76e)<a target='_blank' href='https://github.com/babylonlabs-io/staking-api-service/commit/c76eadfc98771d30fb4b09ba87e563f4dac9e55e?scroll_to=internal/clients/clients.go'>2024-09-30</a><br>+    0 | -   20 | internal/clients/unisat/interface.go | (c76e)<a target='_blank' href='https://github.com/babylonlabs-io/staking-api-service/commit/c76eadfc98771d30fb4b09ba87e563f4dac9e55e?scroll_to=internal/clients/unisat/interface.go'>2024-09-30</a><br>+    0 | -   99 | internal/clients/unisat/unisat.go | (c76e)<a target='_blank' href='https://github.com/babylonlabs-io/staking-api-service/commit/c76eadfc98771d30fb4b09ba87e563f4dac9e55e?scroll_to=internal/clients/unisat/unisat.go'>2024-09-30</a><br>+    0 | -    5 | internal/config/assets.go | (c76e)<a target='_blank' href='https://github.com/babylonlabs-io/staking-api-service/commit/c76eadfc98771d30fb4b09ba87e563f4dac9e55e?scroll_to=internal/config/assets.go'>2024-09-30</a><br>+    0 | -   42 | internal/config/unisat.go | (c76e)<a target='_blank' href='https://github.com/babylonlabs-io/staking-api-service/commit/c76eadfc98771d30fb4b09ba87e563f4dac9e55e?scroll_to=internal/config/unisat.go'>2024-09-30</a><br>+    6 | -    9 | internal/db/delegation.go | (c8d8)<a target='_blank' href='https://github.com/babylonlabs-io/staking-api-service/commit/c8d851f40c65a689cb9ec282ccecd8270fb34ae6?scroll_to=internal/db/delegation.go'>2024-09-27</a><br>+    2 | -    2 | internal/db/interface.go | (c8d8)<a target='_blank' href='https://github.com/babylonlabs-io/staking-api-service/commit/c8d851f40c65a689cb9ec282ccecd8270fb34ae6?scroll_to=internal/db/interface.go'>2024-09-27</a><br>+    0 | -    6 | internal/db/model/delegation.go | (c8d8)<a target='_blank' href='https://github.com/babylonlabs-io/staking-api-service/commit/c8d851f40c65a689cb9ec282ccecd8270fb34ae6?scroll_to=internal/db/model/delegation.go'>2024-09-27</a><br>+    0 | -    1 | internal/db/model/setup.go | (59c4)<a target='_blank' href='https://github.com/babylonlabs-io/staking-api-service/commit/59c4e85765d940872a42c9b023d4bfc4a0dc00e0?scroll_to=internal/db/model/setup.go'>2024-09-30</a><br>+    6 | -   13 | internal/services/delegation.go | (c8d8)<a target='_blank' href='https://github.com/babylonlabs-io/staking-api-service/commit/c8d851f40c65a689cb9ec282ccecd8270fb34ae6?scroll_to=internal/services/delegation.go'>2024-09-27</a><br>+    1 | -   54 | internal/services/ordinals.go | (c76e)<a target='_blank' href='https://github.com/babylonlabs-io/staking-api-service/commit/c76eadfc98771d30fb4b09ba87e563f4dac9e55e?scroll_to=internal/services/ordinals.go'>2024-09-30</a></pre>","","github.com/babylonlabs-io/staking-api-service","<pre>
                    <a target='_target' href='https://github.com/babylonlabs-io/staking-api-service/commit/a598e229859b676a7c20be69f74ae4253333c8df'>a598e229859b676a7c20be69f74ae4253333c8df</a>
                    
                    feat: update existing delegation check endpoint to add code in response (#63)
                <br>
                    <a target='_target' href='https://github.com/babylonlabs-io/staking-api-service/commit/59c4e85765d940872a42c9b023d4bfc4a0dc00e0'>59c4e85765d940872a42c9b023d4bfc4a0dc00e0</a>
                    
                    fix: remove the unused taproot_address from db index (#66)
                <br>
                    <a target='_target' href='https://github.com/babylonlabs-io/staking-api-service/commit/c76eadfc98771d30fb4b09ba87e563f4dac9e55e'>c76eadfc98771d30fb4b09ba87e563f4dac9e55e</a>
                    
                    fix: remove unisat api call from the codebase (#64)
                <br>
                    <a target='_target' href='https://github.com/babylonlabs-io/staking-api-service/commit/c8d851f40c65a689cb9ec282ccecd8270fb34ae6'>c8d851f40c65a689cb9ec282ccecd8270fb34ae6</a>
                    
                    fix: remove the delegation.address in favor of pk address lookup (#62)
                </pre>"," 98.36 - Go<br> 0.66 - Shell<br> 0.58 - Makefile<br> 0.4 - Dockerfile"
"babylon-labs","Babylon Labs","2024-09-16T15:00:00.000Z","3000000","https://immunefi.com/bounty/babylon-labs","2024-09-27","github.com/babylonlabs-io/simple-staking/commits","dev","{""tsx"":9}","<pre>+   39 | -   28 | src/app/components/Delegations/Delegations.tsx | (646d)<a target='_blank' href='https://github.com/babylonlabs-io/simple-staking/commit/646d7d26d9e939c0d01be3832ff14ad264ad75f3?scroll_to=src/app/components/Delegations/Delegations.tsx'>2024-09-27</a><br>+    6 | -    9 | src/app/components/Header/Header.tsx | (646d)<a target='_blank' href='https://github.com/babylonlabs-io/simple-staking/commit/646d7d26d9e939c0d01be3832ff14ad264ad75f3?scroll_to=src/app/components/Header/Header.tsx'>2024-09-27</a><br>+    4 | -    6 | src/app/components/Modals/ConnectModal.tsx | (646d)<a target='_blank' href='https://github.com/babylonlabs-io/simple-staking/commit/646d7d26d9e939c0d01be3832ff14ad264ad75f3?scroll_to=src/app/components/Modals/ConnectModal.tsx'>2024-09-27</a><br>+    5 | -    7 | src/app/components/Staking/Form/States/WalletNotConnected.tsx | (646d)<a target='_blank' href='https://github.com/babylonlabs-io/simple-staking/commit/646d7d26d9e939c0d01be3832ff14ad264ad75f3?scroll_to=src/app/components/Staking/Form/States/WalletNotConnected.tsx'>2024-09-27</a><br>+   13 | -   16 | src/app/components/Staking/Staking.tsx | (646d)<a target='_blank' href='https://github.com/babylonlabs-io/simple-staking/commit/646d7d26d9e939c0d01be3832ff14ad264ad75f3?scroll_to=src/app/components/Staking/Staking.tsx'>2024-09-27</a><br>+   12 | -    1 | src/app/context/Error/ErrorContext.tsx | (646d)<a target='_blank' href='https://github.com/babylonlabs-io/simple-staking/commit/646d7d26d9e939c0d01be3832ff14ad264ad75f3?scroll_to=src/app/context/Error/ErrorContext.tsx'>2024-09-27</a><br>+  160 | -    0 | src/app/context/wallet/WalletProvider.tsx | (646d)<a target='_blank' href='https://github.com/babylonlabs-io/simple-staking/commit/646d7d26d9e939c0d01be3832ff14ad264ad75f3?scroll_to=src/app/context/wallet/WalletProvider.tsx'>2024-09-27</a><br>+   11 | -  135 | src/app/page.tsx | (646d)<a target='_blank' href='https://github.com/babylonlabs-io/simple-staking/commit/646d7d26d9e939c0d01be3832ff14ad264ad75f3?scroll_to=src/app/page.tsx'>2024-09-27</a><br>+   12 | -    9 | src/app/providers.tsx | (646d)<a target='_blank' href='https://github.com/babylonlabs-io/simple-staking/commit/646d7d26d9e939c0d01be3832ff14ad264ad75f3?scroll_to=src/app/providers.tsx'>2024-09-27</a></pre>","","github.com/babylonlabs-io/simple-staking","<pre>
                    <a target='_target' href='https://github.com/babylonlabs-io/simple-staking/commit/646d7d26d9e939c0d01be3832ff14ad264ad75f3'>646d7d26d9e939c0d01be3832ff14ad264ad75f3</a>
                    
                    feat: move wallet provider logic in react context (#178)
                </pre>"," 98.87 - TypeScript<br> 0.55 - CSS<br> 0.35 - Dockerfile<br> 0.22 - JavaScript"
